<?xml version="1.0" encoding="UTF-8"?>
<project-private xmlns="http://www.netbeans.org/ns/project-private/1">
    <editor-bookmarks xmlns="http://www.netbeans.org/ns/editor-bookmarks/2" lastBookmarkId="0"/>
    <open-files xmlns="http://www.netbeans.org/ns/projectui-open-files/2">
        <group>
            <file>file:/C:/Users/Gquir/OneDrive/Documents%20-%20NOTEGUI/FEI/3%20Semestre/Orientação%20a%20Objetos/AppInterfaceMovable/src/appinterfacemovable/MovablePoint.java</file>
            <file>file:/C:/Users/Gquir/OneDrive/Documents%20-%20NOTEGUI/FEI/3%20Semestre/Orientação%20a%20Objetos/AppInterfaceMovable/src/appinterfacemovable/MovableCircle.java</file>
            <file>file:/C:/Users/Gquir/OneDrive/Documents%20-%20NOTEGUI/FEI/3%20Semestre/Orientação%20a%20Objetos/AppInterfaceMovable/src/appinterfacemovable/Movable.java</file>
            <file>file:/C:/Users/Gquir/OneDrive/Documents%20-%20NOTEGUI/FEI/3%20Semestre/Orientação%20a%20Objetos/AppInterfaceMovable/src/appinterfacemovable/AppInterfaceMovable.java</file>
        </group>
    </open-files>
</project-private>
